,会社名,会社住所,仕事内容
0,株式会社DreamLab,大阪府 大阪市,編集者・ライター
1,株式会社DreamLab,大阪府 大阪市,ライター
2,スタートリンク株式会社,大阪府 大阪市,大阪/ITエンジニア
3,アイガー株式会社,大阪府 大阪市,WEBデザイナー
4,セルプロモート株式会社,大阪府 大阪市 北区,【大阪】ITエンジニア(プログラマー・ネットワーク)/未経験でも安心な研修制度
5,株式会社エース,大阪府 大阪市,【正社員】広告バナー&LP作成　※未経験可※
6,株式会社オータム,大阪府 大阪市,【未経験可・人柄重視】WEBエンジニア(フロント/バック)
7,ネイバーズ株式会社,大阪府 大阪市,プログラマー　(未経験者可)
8,株式会社芝田化工設計,大阪府 堺市 堺区,社内IT管理業務/経験不問|年間休日120日以上
9,SC-ConsultingLLC,大阪府 大阪市 北区,WEBデザイナー
10,株式会社freemova,大阪府 吹田市,充実した研修制度で1人前のエンジニアに/プログラミング業務
11,株式会社DreamLab,リモート勤務 in 大阪府 大阪市 中央区 心斎橋駅,ウェブライター(在宅可・未経験可)
12,オフィスケイワン株式会社,大阪府 大阪市 西区 四ツ橋駅,システム開発エンジニア/プログラミング未経験でもOK!高時給1500円 大学生も活躍中 /アルバイト・パート
13,Grace,大阪府 大阪市 北区,SE(システムエンジニア)
14,株式会社　センス,大阪府 大阪市,"【土日のみ/日給13,000円】プログラミング教室体験会スタッフ"
